type,name,value,actual_value
goal,"Paul Pogba, Midfielder",26.67,4.0
assistTotal,"Paul Pogba, Midfielder",60.0,3.0
shotsPerGame,"Paul Pogba, Midfielder",79.41,3.38
aerialWonPerGame,"Paul Pogba, Midfielder",100.0,3.13
manOfTheMatch,"Paul Pogba, Midfielder",100.0,4.0
passSuccess,"Paul Pogba, Midfielder",94.22,85.39
all_rating,"Paul Pogba, Midfielder",100.0,7.75
goalOwn,"Paul Pogba, Midfielder",0.0,0.0
tacklePerGame,"Paul Pogba, Midfielder",62.05,1.83
interceptionPerGame,"Paul Pogba, Midfielder",38.31,1.17
foulsPerGame,"Paul Pogba, Midfielder",100.0,2.21
offsideWonPerGame,"Paul Pogba, Midfielder",14.58,0.08
clearancePerGame,"Paul Pogba, Midfielder",17.86,1.46
wasDribbledPerGame,"Paul Pogba, Midfielder",54.17,1.08
outfielderBlockPerGame,"Paul Pogba, Midfielder",16.67,0.13
defensive_rating,"Paul Pogba, Midfielder",100.0,7.75
keyPassPerGame,"Paul Pogba, Midfielder",100.0,1.92
dribbleWonPerGame,"Paul Pogba, Midfielder",100.0,2.5
foulGivenPerGame,"Paul Pogba, Midfielder",100.0,2.33
offsideGivenPerGame,"Paul Pogba, Midfielder",8.57,0.13
dispossessedPerGame,"Paul Pogba, Midfielder",80.08,1.71
turnoverPerGame,"Paul Pogba, Midfielder",100.0,2.67
offensive_rating,"Paul Pogba, Midfielder",100.0,7.75
totalPassesPerGame,"Paul Pogba, Midfielder",99.71,74.42
accurateCrossesPerGame,"Paul Pogba, Midfielder",9.91,0.17
accurateLongPassPerGame,"Paul Pogba, Midfielder",59.52,5.5
accurateThroughBallPerGame,"Paul Pogba, Midfielder",100.0,0.5
passing_rating,"Paul Pogba, Midfielder",100.0,7.75
shotSixYardBox,"Paul Pogba, Midfielder",18.18,0.08
shotPenaltyArea,"Paul Pogba, Midfielder",51.67,1.29
shotOboxTotal,"Paul Pogba, Midfielder",100.0,2.0
shotsTotal,"Paul Pogba, Midfielder",79.41,3.38
detailed_rating,"Paul Pogba, Midfielder",100.0,7.75
goal,"Zlatan Ibrahimovic, Forward",100.0,15.0
assistTotal,"Zlatan Ibrahimovic, Forward",80.0,4.0
shotsPerGame,"Zlatan Ibrahimovic, Forward",100.0,4.25
aerialWonPerGame,"Zlatan Ibrahimovic, Forward",97.33,3.04
manOfTheMatch,"Zlatan Ibrahimovic, Forward",100.0,4.0
passSuccess,"Zlatan Ibrahimovic, Forward",81.34,73.71
all_rating,"Zlatan Ibrahimovic, Forward",86.9,7.52
goalOwn,"Zlatan Ibrahimovic, Forward",0.0,0.0
tacklePerGame,"Zlatan Ibrahimovic, Forward",14.1,0.42
interceptionPerGame,"Zlatan Ibrahimovic, Forward",12.31,0.38
foulsPerGame,"Zlatan Ibrahimovic, Forward",92.45,2.04
offsideWonPerGame,"Zlatan Ibrahimovic, Forward",0.0,0.0
clearancePerGame,"Zlatan Ibrahimovic, Forward",10.71,0.88
wasDribbledPerGame,"Zlatan Ibrahimovic, Forward",29.17,0.58
outfielderBlockPerGame,"Zlatan Ibrahimovic, Forward",5.56,0.04
defensive_rating,"Zlatan Ibrahimovic, Forward",86.9,7.52
keyPassPerGame,"Zlatan Ibrahimovic, Forward",97.83,1.88
dribbleWonPerGame,"Zlatan Ibrahimovic, Forward",25.0,0.63
foulGivenPerGame,"Zlatan Ibrahimovic, Forward",30.36,0.71
offsideGivenPerGame,"Zlatan Ibrahimovic, Forward",100.0,1.46
dispossessedPerGame,"Zlatan Ibrahimovic, Forward",66.41,1.42
turnoverPerGame,"Zlatan Ibrahimovic, Forward",81.25,2.17
offensive_rating,"Zlatan Ibrahimovic, Forward",86.9,7.52
totalPassesPerGame,"Zlatan Ibrahimovic, Forward",52.03,38.83
accurateCrossesPerGame,"Zlatan Ibrahimovic, Forward",9.91,0.17
accurateLongPassPerGame,"Zlatan Ibrahimovic, Forward",15.78,1.46
accurateThroughBallPerGame,"Zlatan Ibrahimovic, Forward",58.33,0.29
passing_rating,"Zlatan Ibrahimovic, Forward",86.9,7.52
shotSixYardBox,"Zlatan Ibrahimovic, Forward",100.0,0.46
shotPenaltyArea,"Zlatan Ibrahimovic, Forward",100.0,2.5
shotOboxTotal,"Zlatan Ibrahimovic, Forward",64.58,1.29
shotsTotal,"Zlatan Ibrahimovic, Forward",100.0,4.25
detailed_rating,"Zlatan Ibrahimovic, Forward",86.9,7.52
goal,"Ander Herrera, Midfielder",0.0,0.0
assistTotal,"Ander Herrera, Midfielder",60.0,3.0
shotsPerGame,"Ander Herrera, Midfielder",32.09,1.36
aerialWonPerGame,"Ander Herrera, Midfielder",33.45,1.05
manOfTheMatch,"Ander Herrera, Midfielder",100.0,4.0
passSuccess,"Ander Herrera, Midfielder",97.24,88.12
all_rating,"Ander Herrera, Midfielder",82.53,7.44
goalOwn,"Ander Herrera, Midfielder",0.0,0.0
tacklePerGame,"Ander Herrera, Midfielder",100.0,2.95
interceptionPerGame,"Ander Herrera, Midfielder",100.0,3.05
foulsPerGame,"Ander Herrera, Midfielder",76.16,1.68
offsideWonPerGame,"Ander Herrera, Midfielder",0.0,0.0
clearancePerGame,"Ander Herrera, Midfielder",23.38,1.91
wasDribbledPerGame,"Ander Herrera, Midfielder",100.0,2.0
outfielderBlockPerGame,"Ander Herrera, Midfielder",36.36,0.27
defensive_rating,"Ander Herrera, Midfielder",82.53,7.44
keyPassPerGame,"Ander Herrera, Midfielder",66.4,1.27
dribbleWonPerGame,"Ander Herrera, Midfielder",45.45,1.14
foulGivenPerGame,"Ander Herrera, Midfielder",66.23,1.55
offsideGivenPerGame,"Ander Herrera, Midfielder",0.0,0.0
dispossessedPerGame,"Ander Herrera, Midfielder",38.35,0.82
turnoverPerGame,"Ander Herrera, Midfielder",20.45,0.55
offensive_rating,"Ander Herrera, Midfielder",82.53,7.44
totalPassesPerGame,"Ander Herrera, Midfielder",100.0,74.64
accurateCrossesPerGame,"Ander Herrera, Midfielder",43.24,0.73
accurateLongPassPerGame,"Ander Herrera, Midfielder",44.77,4.14
accurateThroughBallPerGame,"Ander Herrera, Midfielder",36.36,0.18
passing_rating,"Ander Herrera, Midfielder",82.53,7.44
shotSixYardBox,"Ander Herrera, Midfielder",0.0,0.0
shotPenaltyArea,"Ander Herrera, Midfielder",7.27,0.18
shotOboxTotal,"Ander Herrera, Midfielder",59.09,1.18
shotsTotal,"Ander Herrera, Midfielder",32.09,1.36
detailed_rating,"Ander Herrera, Midfielder",82.53,7.44
goal,"Phil Jones, Defender",0.0,0.0
assistTotal,"Phil Jones, Defender",0.0,0.0
shotsPerGame,"Phil Jones, Defender",5.88,0.25
aerialWonPerGame,"Phil Jones, Defender",96.0,3.0
manOfTheMatch,"Phil Jones, Defender",0.0,0.0
passSuccess,"Phil Jones, Defender",98.79,89.53
all_rating,"Phil Jones, Defender",76.4,7.33
goalOwn,"Phil Jones, Defender",0.0,0.0
tacklePerGame,"Phil Jones, Defender",62.05,1.83
interceptionPerGame,"Phil Jones, Defender",51.99,1.58
foulsPerGame,"Phil Jones, Defender",18.87,0.42
offsideWonPerGame,"Phil Jones, Defender",58.33,0.33
clearancePerGame,"Phil Jones, Defender",100.0,8.17
wasDribbledPerGame,"Phil Jones, Defender",0.0,0.0
outfielderBlockPerGame,"Phil Jones, Defender",100.0,0.75
defensive_rating,"Phil Jones, Defender",76.4,7.33
keyPassPerGame,"Phil Jones, Defender",8.7,0.17
dribbleWonPerGame,"Phil Jones, Defender",6.67,0.17
foulGivenPerGame,"Phil Jones, Defender",35.71,0.83
offsideGivenPerGame,"Phil Jones, Defender",0.0,0.0
dispossessedPerGame,"Phil Jones, Defender",3.91,0.08
turnoverPerGame,"Phil Jones, Defender",3.13,0.08
offensive_rating,"Phil Jones, Defender",76.4,7.33
totalPassesPerGame,"Phil Jones, Defender",59.73,44.58
accurateCrossesPerGame,"Phil Jones, Defender",0.0,0.0
accurateLongPassPerGame,"Phil Jones, Defender",30.66,2.83
accurateThroughBallPerGame,"Phil Jones, Defender",0.0,0.0
passing_rating,"Phil Jones, Defender",76.4,7.33
shotSixYardBox,"Phil Jones, Defender",18.18,0.08
shotPenaltyArea,"Phil Jones, Defender",6.67,0.17
shotOboxTotal,"Phil Jones, Defender",0.0,0.0
shotsTotal,"Phil Jones, Defender",5.88,0.25
detailed_rating,"Phil Jones, Defender",76.4,7.33
goal,"Daley Blind, Defender",6.67,1.0
assistTotal,"Daley Blind, Defender",40.0,2.0
shotsPerGame,"Daley Blind, Defender",11.07,0.47
aerialWonPerGame,"Daley Blind, Defender",41.41,1.29
manOfTheMatch,"Daley Blind, Defender",0.0,0.0
passSuccess,"Daley Blind, Defender",95.42,86.47
all_rating,"Daley Blind, Defender",75.6,7.31
goalOwn,"Daley Blind, Defender",0.0,0.0
tacklePerGame,"Daley Blind, Defender",67.69,2.0
interceptionPerGame,"Daley Blind, Defender",61.81,1.88
foulsPerGame,"Daley Blind, Defender",34.63,0.76
offsideWonPerGame,"Daley Blind, Defender",30.88,0.18
clearancePerGame,"Daley Blind, Defender",56.18,4.59
wasDribbledPerGame,"Daley Blind, Defender",38.24,0.76
outfielderBlockPerGame,"Daley Blind, Defender",39.22,0.29
defensive_rating,"Daley Blind, Defender",75.6,7.31
keyPassPerGame,"Daley Blind, Defender",73.66,1.41
dribbleWonPerGame,"Daley Blind, Defender",14.12,0.35
foulGivenPerGame,"Daley Blind, Defender",27.73,0.65
offsideGivenPerGame,"Daley Blind, Defender",0.0,0.0
dispossessedPerGame,"Daley Blind, Defender",11.03,0.24
turnoverPerGame,"Daley Blind, Defender",13.24,0.35
offensive_rating,"Daley Blind, Defender",75.6,7.31
totalPassesPerGame,"Daley Blind, Defender",64.08,47.82
accurateCrossesPerGame,"Daley Blind, Defender",73.45,1.24
accurateLongPassPerGame,"Daley Blind, Defender",28.65,2.65
accurateThroughBallPerGame,"Daley Blind, Defender",0.0,0.0
passing_rating,"Daley Blind, Defender",75.6,7.31
shotSixYardBox,"Daley Blind, Defender",0.0,0.0
shotPenaltyArea,"Daley Blind, Defender",11.76,0.29
shotOboxTotal,"Daley Blind, Defender",8.82,0.18
shotsTotal,"Daley Blind, Defender",11.07,0.47
detailed_rating,"Daley Blind, Defender",75.6,7.31
goal,"Antonio Valencia, Defender",0.0,0.0
assistTotal,"Antonio Valencia, Defender",40.0,2.0
shotsPerGame,"Antonio Valencia, Defender",4.28,0.18
aerialWonPerGame,"Antonio Valencia, Defender",27.64,0.86
manOfTheMatch,"Antonio Valencia, Defender",0.0,0.0
passSuccess,"Antonio Valencia, Defender",95.45,86.5
all_rating,"Antonio Valencia, Defender",73.39,7.27
goalOwn,"Antonio Valencia, Defender",0.0,0.0
tacklePerGame,"Antonio Valencia, Defender",78.46,2.32
interceptionPerGame,"Antonio Valencia, Defender",53.73,1.64
foulsPerGame,"Antonio Valencia, Defender",59.69,1.32
offsideWonPerGame,"Antonio Valencia, Defender",31.82,0.18
clearancePerGame,"Antonio Valencia, Defender",30.06,2.45
wasDribbledPerGame,"Antonio Valencia, Defender",13.64,0.27
outfielderBlockPerGame,"Antonio Valencia, Defender",42.42,0.32
defensive_rating,"Antonio Valencia, Defender",73.39,7.27
keyPassPerGame,"Antonio Valencia, Defender",61.66,1.18
dribbleWonPerGame,"Antonio Valencia, Defender",60.0,1.5
foulGivenPerGame,"Antonio Valencia, Defender",29.22,0.68
offsideGivenPerGame,"Antonio Valencia, Defender",21.82,0.32
dispossessedPerGame,"Antonio Valencia, Defender",27.7,0.59
turnoverPerGame,"Antonio Valencia, Defender",30.68,0.82
offensive_rating,"Antonio Valencia, Defender",73.39,7.27
totalPassesPerGame,"Antonio Valencia, Defender",66.32,49.5
accurateCrossesPerGame,"Antonio Valencia, Defender",100.0,1.68
accurateLongPassPerGame,"Antonio Valencia, Defender",17.71,1.64
accurateThroughBallPerGame,"Antonio Valencia, Defender",0.0,0.0
passing_rating,"Antonio Valencia, Defender",73.39,7.27
shotSixYardBox,"Antonio Valencia, Defender",9.92,0.05
shotPenaltyArea,"Antonio Valencia, Defender",3.64,0.09
shotOboxTotal,"Antonio Valencia, Defender",2.27,0.05
shotsTotal,"Antonio Valencia, Defender",4.28,0.18
detailed_rating,"Antonio Valencia, Defender",73.39,7.27
goal,"Marcos Rojo, Defender",0.0,0.0
assistTotal,"Marcos Rojo, Defender",0.0,0.0
shotsPerGame,"Marcos Rojo, Defender",15.69,0.67
aerialWonPerGame,"Marcos Rojo, Defender",78.93,2.47
manOfTheMatch,"Marcos Rojo, Defender",0.0,0.0
passSuccess,"Marcos Rojo, Defender",92.95,84.23
all_rating,"Marcos Rojo, Defender",69.16,7.2
goalOwn,"Marcos Rojo, Defender",0.0,0.0
tacklePerGame,"Marcos Rojo, Defender",49.64,1.47
interceptionPerGame,"Marcos Rojo, Defender",50.35,1.53
foulsPerGame,"Marcos Rojo, Defender",51.32,1.13
offsideWonPerGame,"Marcos Rojo, Defender",46.67,0.27
clearancePerGame,"Marcos Rojo, Defender",92.24,7.53
wasDribbledPerGame,"Marcos Rojo, Defender",23.33,0.47
outfielderBlockPerGame,"Marcos Rojo, Defender",44.44,0.33
defensive_rating,"Marcos Rojo, Defender",69.16,7.2
keyPassPerGame,"Marcos Rojo, Defender",17.39,0.33
dribbleWonPerGame,"Marcos Rojo, Defender",24.0,0.6
foulGivenPerGame,"Marcos Rojo, Defender",11.43,0.27
offsideGivenPerGame,"Marcos Rojo, Defender",0.0,0.0
dispossessedPerGame,"Marcos Rojo, Defender",0.0,0.0
turnoverPerGame,"Marcos Rojo, Defender",10.0,0.27
offensive_rating,"Marcos Rojo, Defender",69.16,7.2
totalPassesPerGame,"Marcos Rojo, Defender",62.88,46.93
accurateCrossesPerGame,"Marcos Rojo, Defender",3.96,0.07
accurateLongPassPerGame,"Marcos Rojo, Defender",36.08,3.33
accurateThroughBallPerGame,"Marcos Rojo, Defender",0.0,0.0
passing_rating,"Marcos Rojo, Defender",69.16,7.2
shotSixYardBox,"Marcos Rojo, Defender",0.0,0.0
shotPenaltyArea,"Marcos Rojo, Defender",16.0,0.4
shotOboxTotal,"Marcos Rojo, Defender",13.33,0.27
shotsTotal,"Marcos Rojo, Defender",15.69,0.67
detailed_rating,"Marcos Rojo, Defender",69.16,7.2
goal,"Eric Bailly, Defender",0.0,0.0
assistTotal,"Eric Bailly, Defender",0.0,0.0
shotsPerGame,"Eric Bailly, Defender",5.04,0.21
aerialWonPerGame,"Eric Bailly, Defender",43.43,1.36
manOfTheMatch,"Eric Bailly, Defender",0.0,0.0
passSuccess,"Eric Bailly, Defender",96.42,87.38
all_rating,"Eric Bailly, Defender",67.44,7.17
goalOwn,"Eric Bailly, Defender",0.0,0.0
tacklePerGame,"Eric Bailly, Defender",79.78,2.36
interceptionPerGame,"Eric Bailly, Defender",79.74,2.43
foulsPerGame,"Eric Bailly, Defender",45.28,1.0
offsideWonPerGame,"Eric Bailly, Defender",100.0,0.57
clearancePerGame,"Eric Bailly, Defender",65.6,5.36
wasDribbledPerGame,"Eric Bailly, Defender",21.43,0.43
outfielderBlockPerGame,"Eric Bailly, Defender",57.14,0.43
defensive_rating,"Eric Bailly, Defender",67.44,7.17
keyPassPerGame,"Eric Bailly, Defender",3.73,0.07
dribbleWonPerGame,"Eric Bailly, Defender",22.86,0.57
foulGivenPerGame,"Eric Bailly, Defender",27.55,0.64
offsideGivenPerGame,"Eric Bailly, Defender",0.0,0.0
dispossessedPerGame,"Eric Bailly, Defender",6.7,0.14
turnoverPerGame,"Eric Bailly, Defender",21.43,0.57
offensive_rating,"Eric Bailly, Defender",67.44,7.17
totalPassesPerGame,"Eric Bailly, Defender",48.52,36.21
accurateCrossesPerGame,"Eric Bailly, Defender",0.0,0.0
accurateLongPassPerGame,"Eric Bailly, Defender",29.38,2.71
accurateThroughBallPerGame,"Eric Bailly, Defender",0.0,0.0
passing_rating,"Eric Bailly, Defender",67.44,7.17
shotSixYardBox,"Eric Bailly, Defender",0.0,0.0
shotPenaltyArea,"Eric Bailly, Defender",5.71,0.14
shotOboxTotal,"Eric Bailly, Defender",3.57,0.07
shotsTotal,"Eric Bailly, Defender",5.04,0.21
detailed_rating,"Eric Bailly, Defender",67.44,7.17
goal,"Henrikh Mkhitaryan, Midfielder",20.0,3.0
assistTotal,"Henrikh Mkhitaryan, Midfielder",20.0,1.0
shotsPerGame,"Henrikh Mkhitaryan, Midfielder",43.92,1.87
aerialWonPerGame,"Henrikh Mkhitaryan, Midfielder",21.33,0.67
manOfTheMatch,"Henrikh Mkhitaryan, Midfielder",25.0,1.0
passSuccess,"Henrikh Mkhitaryan, Midfielder",93.21,84.47
all_rating,"Henrikh Mkhitaryan, Midfielder",66.28,7.14
goalOwn,"Henrikh Mkhitaryan, Midfielder",0.0,0.0
tacklePerGame,"Henrikh Mkhitaryan, Midfielder",42.87,1.27
interceptionPerGame,"Henrikh Mkhitaryan, Midfielder",37.21,1.13
foulsPerGame,"Henrikh Mkhitaryan, Midfielder",42.26,0.93
offsideWonPerGame,"Henrikh Mkhitaryan, Midfielder",0.0,0.0
clearancePerGame,"Henrikh Mkhitaryan, Midfielder",8.16,0.67
wasDribbledPerGame,"Henrikh Mkhitaryan, Midfielder",46.67,0.93
outfielderBlockPerGame,"Henrikh Mkhitaryan, Midfielder",0.0,0.0
defensive_rating,"Henrikh Mkhitaryan, Midfielder",66.28,7.14
keyPassPerGame,"Henrikh Mkhitaryan, Midfielder",90.43,1.73
dribbleWonPerGame,"Henrikh Mkhitaryan, Midfielder",53.33,1.33
foulGivenPerGame,"Henrikh Mkhitaryan, Midfielder",45.71,1.07
offsideGivenPerGame,"Henrikh Mkhitaryan, Midfielder",32.0,0.47
dispossessedPerGame,"Henrikh Mkhitaryan, Midfielder",100.0,2.13
turnoverPerGame,"Henrikh Mkhitaryan, Midfielder",52.5,1.4
offensive_rating,"Henrikh Mkhitaryan, Midfielder",66.28,7.14
totalPassesPerGame,"Henrikh Mkhitaryan, Midfielder",43.14,32.2
accurateCrossesPerGame,"Henrikh Mkhitaryan, Midfielder",31.71,0.53
accurateLongPassPerGame,"Henrikh Mkhitaryan, Midfielder",10.1,0.93
accurateThroughBallPerGame,"Henrikh Mkhitaryan, Midfielder",66.67,0.33
passing_rating,"Henrikh Mkhitaryan, Midfielder",66.28,7.14
shotSixYardBox,"Henrikh Mkhitaryan, Midfielder",0.0,0.0
shotPenaltyArea,"Henrikh Mkhitaryan, Midfielder",48.0,1.2
shotOboxTotal,"Henrikh Mkhitaryan, Midfielder",33.33,0.67
shotsTotal,"Henrikh Mkhitaryan, Midfielder",43.92,1.87
detailed_rating,"Henrikh Mkhitaryan, Midfielder",66.28,7.14
goal,"Juan Mata, Midfielder",40.0,6.0
assistTotal,"Juan Mata, Midfielder",40.0,2.0
shotsPerGame,"Juan Mata, Midfielder",42.35,1.8
aerialWonPerGame,"Juan Mata, Midfielder",4.8,0.15
manOfTheMatch,"Juan Mata, Midfielder",25.0,1.0
passSuccess,"Juan Mata, Midfielder",99.68,90.33
all_rating,"Juan Mata, Midfielder",63.61,7.1
goalOwn,"Juan Mata, Midfielder",100.0,1.0
tacklePerGame,"Juan Mata, Midfielder",32.15,0.95
interceptionPerGame,"Juan Mata, Midfielder",16.42,0.5
foulsPerGame,"Juan Mata, Midfielder",18.11,0.4
offsideWonPerGame,"Juan Mata, Midfielder",0.0,0.0
clearancePerGame,"Juan Mata, Midfielder",3.06,0.25
wasDribbledPerGame,"Juan Mata, Midfielder",35.0,0.7
outfielderBlockPerGame,"Juan Mata, Midfielder",0.0,0.0
defensive_rating,"Juan Mata, Midfielder",63.61,7.1
keyPassPerGame,"Juan Mata, Midfielder",86.09,1.65
dribbleWonPerGame,"Juan Mata, Midfielder",24.0,0.6
foulGivenPerGame,"Juan Mata, Midfielder",30.0,0.7
offsideGivenPerGame,"Juan Mata, Midfielder",24.0,0.35
dispossessedPerGame,"Juan Mata, Midfielder",28.13,0.6
turnoverPerGame,"Juan Mata, Midfielder",30.0,0.8
offensive_rating,"Juan Mata, Midfielder",63.61,7.1
totalPassesPerGame,"Juan Mata, Midfielder",52.66,39.3
accurateCrossesPerGame,"Juan Mata, Midfielder",53.51,0.9
accurateLongPassPerGame,"Juan Mata, Midfielder",20.56,1.9
accurateThroughBallPerGame,"Juan Mata, Midfielder",30.0,0.15
passing_rating,"Juan Mata, Midfielder",63.61,7.1
shotSixYardBox,"Juan Mata, Midfielder",21.82,0.1
shotPenaltyArea,"Juan Mata, Midfielder",52.0,1.3
shotOboxTotal,"Juan Mata, Midfielder",20.0,0.4
shotsTotal,"Juan Mata, Midfielder",42.35,1.8
detailed_rating,"Juan Mata, Midfielder",63.61,7.1
goal,"Matteo Darmian, Defender",0.0,0.0
assistTotal,"Matteo Darmian, Defender",0.0,0.0
shotsPerGame,"Matteo Darmian, Defender",4.71,0.2
aerialWonPerGame,"Matteo Darmian, Defender",44.8,1.4
manOfTheMatch,"Matteo Darmian, Defender",0.0,0.0
passSuccess,"Matteo Darmian, Defender",88.84,80.52
all_rating,"Matteo Darmian, Defender",58.05,7.0
goalOwn,"Matteo Darmian, Defender",0.0,0.0
tacklePerGame,"Matteo Darmian, Defender",84.62,2.5
interceptionPerGame,"Matteo Darmian, Defender",85.37,2.6
foulsPerGame,"Matteo Darmian, Defender",45.28,1.0
offsideWonPerGame,"Matteo Darmian, Defender",17.5,0.1
clearancePerGame,"Matteo Darmian, Defender",53.88,4.4
wasDribbledPerGame,"Matteo Darmian, Defender",100.0,2.0
outfielderBlockPerGame,"Matteo Darmian, Defender",13.33,0.1
defensive_rating,"Matteo Darmian, Defender",58.05,7.0
keyPassPerGame,"Matteo Darmian, Defender",10.43,0.2
dribbleWonPerGame,"Matteo Darmian, Defender",8.0,0.2
foulGivenPerGame,"Matteo Darmian, Defender",38.57,0.9
offsideGivenPerGame,"Matteo Darmian, Defender",6.86,0.1
dispossessedPerGame,"Matteo Darmian, Defender",28.13,0.6
turnoverPerGame,"Matteo Darmian, Defender",7.5,0.2
offensive_rating,"Matteo Darmian, Defender",58.05,7.0
totalPassesPerGame,"Matteo Darmian, Defender",46.76,34.9
accurateCrossesPerGame,"Matteo Darmian, Defender",23.78,0.4
accurateLongPassPerGame,"Matteo Darmian, Defender",14.07,1.3
accurateThroughBallPerGame,"Matteo Darmian, Defender",0.0,0.0
passing_rating,"Matteo Darmian, Defender",58.05,7.0
shotSixYardBox,"Matteo Darmian, Defender",0.0,0.0
shotPenaltyArea,"Matteo Darmian, Defender",4.0,0.1
shotOboxTotal,"Matteo Darmian, Defender",5.0,0.1
shotsTotal,"Matteo Darmian, Defender",4.71,0.2
detailed_rating,"Matteo Darmian, Defender",58.05,7.0
goal,"Anthony Martial, Forward",20.0,3.0
assistTotal,"Anthony Martial, Forward",80.0,4.0
shotsPerGame,"Anthony Martial, Forward",38.66,1.64
aerialWonPerGame,"Anthony Martial, Forward",16.0,0.5
manOfTheMatch,"Anthony Martial, Forward",50.0,2.0
passSuccess,"Anthony Martial, Forward",89.72,81.31
all_rating,"Anthony Martial, Forward",55.19,6.94
goalOwn,"Anthony Martial, Forward",0.0,0.0
tacklePerGame,"Anthony Martial, Forward",24.18,0.71
interceptionPerGame,"Anthony Martial, Forward",4.69,0.14
foulsPerGame,"Anthony Martial, Forward",42.05,0.93
offsideWonPerGame,"Anthony Martial, Forward",0.0,0.0
clearancePerGame,"Anthony Martial, Forward",2.62,0.21
wasDribbledPerGame,"Anthony Martial, Forward",10.71,0.21
outfielderBlockPerGame,"Anthony Martial, Forward",9.52,0.07
defensive_rating,"Anthony Martial, Forward",55.19,6.94
keyPassPerGame,"Anthony Martial, Forward",52.17,1.0
dribbleWonPerGame,"Anthony Martial, Forward",57.14,1.43
foulGivenPerGame,"Anthony Martial, Forward",39.8,0.93
offsideGivenPerGame,"Anthony Martial, Forward",14.69,0.21
dispossessedPerGame,"Anthony Martial, Forward",66.96,1.43
turnoverPerGame,"Anthony Martial, Forward",58.93,1.57
offensive_rating,"Anthony Martial, Forward",55.19,6.94
totalPassesPerGame,"Anthony Martial, Forward",29.19,21.79
accurateCrossesPerGame,"Anthony Martial, Forward",29.73,0.5
accurateLongPassPerGame,"Anthony Martial, Forward",6.18,0.57
accurateThroughBallPerGame,"Anthony Martial, Forward",14.29,0.07
passing_rating,"Anthony Martial, Forward",55.19,6.94
shotSixYardBox,"Anthony Martial, Forward",0.0,0.0
shotPenaltyArea,"Anthony Martial, Forward",37.14,0.93
shotOboxTotal,"Anthony Martial, Forward",35.71,0.71
shotsTotal,"Anthony Martial, Forward",38.66,1.64
detailed_rating,"Anthony Martial, Forward",55.19,6.94
goal,"Luke Shaw, Defender",0.0,0.0
assistTotal,"Luke Shaw, Defender",0.0,0.0
shotsPerGame,"Luke Shaw, Defender",10.08,0.43
aerialWonPerGame,"Luke Shaw, Defender",36.57,1.14
manOfTheMatch,"Luke Shaw, Defender",0.0,0.0
passSuccess,"Luke Shaw, Defender",94.58,85.71
all_rating,"Luke Shaw, Defender",54.24,6.93
goalOwn,"Luke Shaw, Defender",0.0,0.0
tacklePerGame,"Luke Shaw, Defender",38.68,1.14
interceptionPerGame,"Luke Shaw, Defender",56.29,1.71
foulsPerGame,"Luke Shaw, Defender",25.88,0.57
offsideWonPerGame,"Luke Shaw, Defender",0.0,0.0
clearancePerGame,"Luke Shaw, Defender",29.74,2.43
wasDribbledPerGame,"Luke Shaw, Defender",28.57,0.57
outfielderBlockPerGame,"Luke Shaw, Defender",19.05,0.14
defensive_rating,"Luke Shaw, Defender",54.24,6.93
keyPassPerGame,"Luke Shaw, Defender",29.81,0.57
dribbleWonPerGame,"Luke Shaw, Defender",45.71,1.14
foulGivenPerGame,"Luke Shaw, Defender",24.49,0.57
offsideGivenPerGame,"Luke Shaw, Defender",0.0,0.0
dispossessedPerGame,"Luke Shaw, Defender",26.79,0.57
turnoverPerGame,"Luke Shaw, Defender",37.5,1.0
offensive_rating,"Luke Shaw, Defender",54.24,6.93
totalPassesPerGame,"Luke Shaw, Defender",50.91,38.0
accurateCrossesPerGame,"Luke Shaw, Defender",25.48,0.43
accurateLongPassPerGame,"Luke Shaw, Defender",9.28,0.86
accurateThroughBallPerGame,"Luke Shaw, Defender",0.0,0.0
passing_rating,"Luke Shaw, Defender",54.24,6.93
shotSixYardBox,"Luke Shaw, Defender",0.0,0.0
shotPenaltyArea,"Luke Shaw, Defender",5.71,0.14
shotOboxTotal,"Luke Shaw, Defender",14.29,0.29
shotsTotal,"Luke Shaw, Defender",10.08,0.43
detailed_rating,"Luke Shaw, Defender",54.24,6.93
goal,"Wayne Rooney, Forward",13.33,2.0
assistTotal,"Wayne Rooney, Forward",100.0,5.0
shotsPerGame,"Wayne Rooney, Forward",38.75,1.65
aerialWonPerGame,"Wayne Rooney, Forward",9.41,0.29
manOfTheMatch,"Wayne Rooney, Forward",0.0,0.0
passSuccess,"Wayne Rooney, Forward",93.35,84.6
all_rating,"Wayne Rooney, Forward",48.43,6.82
goalOwn,"Wayne Rooney, Forward",0.0,0.0
tacklePerGame,"Wayne Rooney, Forward",31.86,0.94
interceptionPerGame,"Wayne Rooney, Forward",17.38,0.53
foulsPerGame,"Wayne Rooney, Forward",37.29,0.82
offsideWonPerGame,"Wayne Rooney, Forward",0.0,0.0
clearancePerGame,"Wayne Rooney, Forward",3.6,0.29
wasDribbledPerGame,"Wayne Rooney, Forward",23.53,0.47
outfielderBlockPerGame,"Wayne Rooney, Forward",15.69,0.12
defensive_rating,"Wayne Rooney, Forward",48.43,6.82
keyPassPerGame,"Wayne Rooney, Forward",70.59,1.35
dribbleWonPerGame,"Wayne Rooney, Forward",25.88,0.65
foulGivenPerGame,"Wayne Rooney, Forward",17.65,0.41
offsideGivenPerGame,"Wayne Rooney, Forward",16.13,0.24
dispossessedPerGame,"Wayne Rooney, Forward",71.69,1.53
turnoverPerGame,"Wayne Rooney, Forward",30.88,0.82
offensive_rating,"Wayne Rooney, Forward",48.43,6.82
totalPassesPerGame,"Wayne Rooney, Forward",39.41,29.41
accurateCrossesPerGame,"Wayne Rooney, Forward",80.45,1.35
accurateLongPassPerGame,"Wayne Rooney, Forward",25.46,2.35
accurateThroughBallPerGame,"Wayne Rooney, Forward",0.0,0.0
passing_rating,"Wayne Rooney, Forward",48.43,6.82
shotSixYardBox,"Wayne Rooney, Forward",51.34,0.24
shotPenaltyArea,"Wayne Rooney, Forward",28.24,0.71
shotOboxTotal,"Wayne Rooney, Forward",35.29,0.71
shotsTotal,"Wayne Rooney, Forward",38.75,1.65
detailed_rating,"Wayne Rooney, Forward",48.43,6.82
goal,"Michael Carrick, Midfielder",0.0,0.0
assistTotal,"Michael Carrick, Midfielder",0.0,0.0
shotsPerGame,"Michael Carrick, Midfielder",6.42,0.27
aerialWonPerGame,"Michael Carrick, Midfielder",17.45,0.55
manOfTheMatch,"Michael Carrick, Midfielder",0.0,0.0
passSuccess,"Michael Carrick, Midfielder",100.0,90.63
all_rating,"Michael Carrick, Midfielder",48.2,6.82
goalOwn,"Michael Carrick, Midfielder",0.0,0.0
tacklePerGame,"Michael Carrick, Midfielder",40.0,1.18
interceptionPerGame,"Michael Carrick, Midfielder",74.63,2.27
foulsPerGame,"Michael Carrick, Midfielder",8.23,0.18
offsideWonPerGame,"Michael Carrick, Midfielder",15.91,0.09
clearancePerGame,"Michael Carrick, Midfielder",22.26,1.82
wasDribbledPerGame,"Michael Carrick, Midfielder",50.0,1.0
outfielderBlockPerGame,"Michael Carrick, Midfielder",48.48,0.36
defensive_rating,"Michael Carrick, Midfielder",48.2,6.82
keyPassPerGame,"Michael Carrick, Midfielder",14.23,0.27
dribbleWonPerGame,"Michael Carrick, Midfielder",7.27,0.18
foulGivenPerGame,"Michael Carrick, Midfielder",50.65,1.18
offsideGivenPerGame,"Michael Carrick, Midfielder",0.0,0.0
dispossessedPerGame,"Michael Carrick, Midfielder",4.26,0.09
turnoverPerGame,"Michael Carrick, Midfielder",10.23,0.27
offensive_rating,"Michael Carrick, Midfielder",48.2,6.82
totalPassesPerGame,"Michael Carrick, Midfielder",81.85,61.09
accurateCrossesPerGame,"Michael Carrick, Midfielder",0.0,0.0
accurateLongPassPerGame,"Michael Carrick, Midfielder",40.34,3.73
accurateThroughBallPerGame,"Michael Carrick, Midfielder",0.0,0.0
passing_rating,"Michael Carrick, Midfielder",48.2,6.82
shotSixYardBox,"Michael Carrick, Midfielder",0.0,0.0
shotPenaltyArea,"Michael Carrick, Midfielder",0.0,0.0
shotOboxTotal,"Michael Carrick, Midfielder",13.64,0.27
shotsTotal,"Michael Carrick, Midfielder",6.42,0.27
detailed_rating,"Michael Carrick, Midfielder",48.2,6.82
goal,"Marouane Fellaini, Midfielder",0.0,0.0
assistTotal,"Marouane Fellaini, Midfielder",0.0,0.0
shotsPerGame,"Marouane Fellaini, Midfielder",16.1,0.68
aerialWonPerGame,"Marouane Fellaini, Midfielder",99.37,3.11
manOfTheMatch,"Marouane Fellaini, Midfielder",0.0,0.0
passSuccess,"Marouane Fellaini, Midfielder",97.61,88.46
all_rating,"Marouane Fellaini, Midfielder",46.18,6.78
goalOwn,"Marouane Fellaini, Midfielder",0.0,0.0
tacklePerGame,"Marouane Fellaini, Midfielder",55.22,1.63
interceptionPerGame,"Marouane Fellaini, Midfielder",29.38,0.89
foulsPerGame,"Marouane Fellaini, Midfielder",52.43,1.16
offsideWonPerGame,"Marouane Fellaini, Midfielder",0.0,0.0
clearancePerGame,"Marouane Fellaini, Midfielder",19.98,1.63
wasDribbledPerGame,"Marouane Fellaini, Midfielder",57.89,1.16
outfielderBlockPerGame,"Marouane Fellaini, Midfielder",35.09,0.26
defensive_rating,"Marouane Fellaini, Midfielder",46.18,6.78
keyPassPerGame,"Marouane Fellaini, Midfielder",21.97,0.42
dribbleWonPerGame,"Marouane Fellaini, Midfielder",23.16,0.58
foulGivenPerGame,"Marouane Fellaini, Midfielder",20.3,0.47
offsideGivenPerGame,"Marouane Fellaini, Midfielder",10.83,0.16
dispossessedPerGame,"Marouane Fellaini, Midfielder",22.2,0.47
turnoverPerGame,"Marouane Fellaini, Midfielder",29.61,0.79
offensive_rating,"Marouane Fellaini, Midfielder",46.18,6.78
totalPassesPerGame,"Marouane Fellaini, Midfielder",43.37,32.37
accurateCrossesPerGame,"Marouane Fellaini, Midfielder",0.0,0.0
accurateLongPassPerGame,"Marouane Fellaini, Midfielder",9.68,0.89
accurateThroughBallPerGame,"Marouane Fellaini, Midfielder",0.0,0.0
passing_rating,"Marouane Fellaini, Midfielder",46.18,6.78
shotSixYardBox,"Marouane Fellaini, Midfielder",11.48,0.05
shotPenaltyArea,"Marouane Fellaini, Midfielder",18.95,0.47
shotOboxTotal,"Marouane Fellaini, Midfielder",7.89,0.16
shotsTotal,"Marouane Fellaini, Midfielder",16.1,0.68
detailed_rating,"Marouane Fellaini, Midfielder",46.18,6.78
goal,"Chris Smalling, Defender",6.67,1.0
assistTotal,"Chris Smalling, Defender",20.0,1.0
shotsPerGame,"Chris Smalling, Defender",10.08,0.43
aerialWonPerGame,"Chris Smalling, Defender",84.57,2.64
manOfTheMatch,"Chris Smalling, Defender",0.0,0.0
passSuccess,"Chris Smalling, Defender",99.22,89.92
all_rating,"Chris Smalling, Defender",42.49,6.71
goalOwn,"Chris Smalling, Defender",0.0,0.0
tacklePerGame,"Chris Smalling, Defender",21.76,0.64
interceptionPerGame,"Chris Smalling, Defender",18.76,0.57
foulsPerGame,"Chris Smalling, Defender",22.64,0.5
offsideWonPerGame,"Chris Smalling, Defender",37.5,0.21
clearancePerGame,"Chris Smalling, Defender",78.72,6.43
wasDribbledPerGame,"Chris Smalling, Defender",10.71,0.21
outfielderBlockPerGame,"Chris Smalling, Defender",47.62,0.36
defensive_rating,"Chris Smalling, Defender",42.49,6.71
keyPassPerGame,"Chris Smalling, Defender",7.45,0.14
dribbleWonPerGame,"Chris Smalling, Defender",0.0,0.0
foulGivenPerGame,"Chris Smalling, Defender",15.31,0.36
offsideGivenPerGame,"Chris Smalling, Defender",4.9,0.07
dispossessedPerGame,"Chris Smalling, Defender",3.35,0.07
turnoverPerGame,"Chris Smalling, Defender",2.68,0.07
offensive_rating,"Chris Smalling, Defender",42.49,6.71
totalPassesPerGame,"Chris Smalling, Defender",34.17,25.5
accurateCrossesPerGame,"Chris Smalling, Defender",0.0,0.0
accurateLongPassPerGame,"Chris Smalling, Defender",12.37,1.14
accurateThroughBallPerGame,"Chris Smalling, Defender",0.0,0.0
passing_rating,"Chris Smalling, Defender",42.49,6.71
shotSixYardBox,"Chris Smalling, Defender",0.0,0.0
shotPenaltyArea,"Chris Smalling, Defender",17.14,0.43
shotOboxTotal,"Chris Smalling, Defender",0.0,0.0
shotsTotal,"Chris Smalling, Defender",10.08,0.43
detailed_rating,"Chris Smalling, Defender",42.49,6.71
goal,"Jesse Lingard, Midfielder",0.0,0.0
assistTotal,"Jesse Lingard, Midfielder",40.0,2.0
shotsPerGame,"Jesse Lingard, Midfielder",36.2,1.54
aerialWonPerGame,"Jesse Lingard, Midfielder",7.38,0.23
manOfTheMatch,"Jesse Lingard, Midfielder",0.0,0.0
passSuccess,"Jesse Lingard, Midfielder",98.75,89.49
all_rating,"Jesse Lingard, Midfielder",40.43,6.68
goalOwn,"Jesse Lingard, Midfielder",0.0,0.0
tacklePerGame,"Jesse Lingard, Midfielder",26.04,0.77
interceptionPerGame,"Jesse Lingard, Midfielder",17.68,0.54
foulsPerGame,"Jesse Lingard, Midfielder",41.8,0.92
offsideWonPerGame,"Jesse Lingard, Midfielder",0.0,0.0
clearancePerGame,"Jesse Lingard, Midfielder",3.77,0.31
wasDribbledPerGame,"Jesse Lingard, Midfielder",11.54,0.23
outfielderBlockPerGame,"Jesse Lingard, Midfielder",10.26,0.08
defensive_rating,"Jesse Lingard, Midfielder",40.43,6.68
keyPassPerGame,"Jesse Lingard, Midfielder",80.27,1.54
dribbleWonPerGame,"Jesse Lingard, Midfielder",15.38,0.38
foulGivenPerGame,"Jesse Lingard, Midfielder",9.89,0.23
offsideGivenPerGame,"Jesse Lingard, Midfielder",10.55,0.15
dispossessedPerGame,"Jesse Lingard, Midfielder",39.66,0.85
turnoverPerGame,"Jesse Lingard, Midfielder",34.62,0.92
offensive_rating,"Jesse Lingard, Midfielder",40.43,6.68
totalPassesPerGame,"Jesse Lingard, Midfielder",36.28,27.08
accurateCrossesPerGame,"Jesse Lingard, Midfielder",22.87,0.38
accurateLongPassPerGame,"Jesse Lingard, Midfielder",2.5,0.23
accurateThroughBallPerGame,"Jesse Lingard, Midfielder",15.38,0.08
passing_rating,"Jesse Lingard, Midfielder",40.43,6.68
shotSixYardBox,"Jesse Lingard, Midfielder",50.35,0.23
shotPenaltyArea,"Jesse Lingard, Midfielder",30.77,0.77
shotOboxTotal,"Jesse Lingard, Midfielder",26.92,0.54
shotsTotal,"Jesse Lingard, Midfielder",36.2,1.54
detailed_rating,"Jesse Lingard, Midfielder",40.43,6.68
goal,"Ashley Young, Midfielder",0.0,0.0
assistTotal,"Ashley Young, Midfielder",0.0,0.0
shotsPerGame,"Ashley Young, Midfielder",4.71,0.2
aerialWonPerGame,"Ashley Young, Midfielder",12.8,0.4
manOfTheMatch,"Ashley Young, Midfielder",0.0,0.0
passSuccess,"Ashley Young, Midfielder",94.46,85.61
all_rating,"Ashley Young, Midfielder",35.79,6.59
goalOwn,"Ashley Young, Midfielder",0.0,0.0
tacklePerGame,"Ashley Young, Midfielder",67.69,2.0
interceptionPerGame,"Ashley Young, Midfielder",45.97,1.4
foulsPerGame,"Ashley Young, Midfielder",9.06,0.2
offsideWonPerGame,"Ashley Young, Midfielder",0.0,0.0
clearancePerGame,"Ashley Young, Midfielder",24.49,2.0
wasDribbledPerGame,"Ashley Young, Midfielder",0.0,0.0
outfielderBlockPerGame,"Ashley Young, Midfielder",0.0,0.0
defensive_rating,"Ashley Young, Midfielder",35.79,6.59
keyPassPerGame,"Ashley Young, Midfielder",20.87,0.4
dribbleWonPerGame,"Ashley Young, Midfielder",8.0,0.2
foulGivenPerGame,"Ashley Young, Midfielder",34.29,0.8
offsideGivenPerGame,"Ashley Young, Midfielder",13.71,0.2
dispossessedPerGame,"Ashley Young, Midfielder",28.13,0.6
turnoverPerGame,"Ashley Young, Midfielder",37.5,1.0
offensive_rating,"Ashley Young, Midfielder",35.79,6.59
totalPassesPerGame,"Ashley Young, Midfielder",35.37,26.4
accurateCrossesPerGame,"Ashley Young, Midfielder",0.0,0.0
accurateLongPassPerGame,"Ashley Young, Midfielder",2.16,0.2
accurateThroughBallPerGame,"Ashley Young, Midfielder",0.0,0.0
passing_rating,"Ashley Young, Midfielder",35.79,6.59
shotSixYardBox,"Ashley Young, Midfielder",0.0,0.0
shotPenaltyArea,"Ashley Young, Midfielder",8.0,0.2
shotOboxTotal,"Ashley Young, Midfielder",0.0,0.0
shotsTotal,"Ashley Young, Midfielder",4.71,0.2
detailed_rating,"Ashley Young, Midfielder",35.79,6.59
goal,"David de Gea, Goalkeeper",0.0,0.0
assistTotal,"David de Gea, Goalkeeper",0.0,0.0
shotsPerGame,"David de Gea, Goalkeeper",0.0,0.0
aerialWonPerGame,"David de Gea, Goalkeeper",1.28,0.04
manOfTheMatch,"David de Gea, Goalkeeper",0.0,0.0
passSuccess,"David de Gea, Goalkeeper",68.01,61.63
all_rating,"David de Gea, Goalkeeper",34.31,6.57
goalOwn,"David de Gea, Goalkeeper",0.0,0.0
tacklePerGame,"David de Gea, Goalkeeper",0.0,0.0
interceptionPerGame,"David de Gea, Goalkeeper",0.0,0.0
foulsPerGame,"David de Gea, Goalkeeper",0.0,0.0
offsideWonPerGame,"David de Gea, Goalkeeper",0.0,0.0
clearancePerGame,"David de Gea, Goalkeeper",3.43,0.28
wasDribbledPerGame,"David de Gea, Goalkeeper",2.0,0.04
outfielderBlockPerGame,"David de Gea, Goalkeeper",0.0,0.0
defensive_rating,"David de Gea, Goalkeeper",34.31,6.57
keyPassPerGame,"David de Gea, Goalkeeper",0.0,0.0
dribbleWonPerGame,"David de Gea, Goalkeeper",0.0,0.0
foulGivenPerGame,"David de Gea, Goalkeeper",3.43,0.08
offsideGivenPerGame,"David de Gea, Goalkeeper",0.0,0.0
dispossessedPerGame,"David de Gea, Goalkeeper",0.0,0.0
turnoverPerGame,"David de Gea, Goalkeeper",0.0,0.0
offensive_rating,"David de Gea, Goalkeeper",34.31,6.57
totalPassesPerGame,"David de Gea, Goalkeeper",30.87,23.04
accurateCrossesPerGame,"David de Gea, Goalkeeper",0.0,0.0
accurateLongPassPerGame,"David de Gea, Goalkeeper",100.0,9.24
accurateThroughBallPerGame,"David de Gea, Goalkeeper",0.0,0.0
passing_rating,"David de Gea, Goalkeeper",34.31,6.57
shotSixYardBox,"David de Gea, Goalkeeper",0.0,0.0
shotPenaltyArea,"David de Gea, Goalkeeper",0.0,0.0
shotOboxTotal,"David de Gea, Goalkeeper",0.0,0.0
shotsTotal,"David de Gea, Goalkeeper",0.0,0.0
detailed_rating,"David de Gea, Goalkeeper",34.31,6.57
goal,"Marcus Rashford, Forward",20.0,3.0
assistTotal,"Marcus Rashford, Forward",20.0,1.0
shotsPerGame,"Marcus Rashford, Forward",29.41,1.25
aerialWonPerGame,"Marcus Rashford, Forward",4.8,0.15
manOfTheMatch,"Marcus Rashford, Forward",0.0,0.0
passSuccess,"Marcus Rashford, Forward",87.99,79.74
all_rating,"Marcus Rashford, Forward",31.56,6.52
goalOwn,"Marcus Rashford, Forward",0.0,0.0
tacklePerGame,"Marcus Rashford, Forward",13.54,0.4
interceptionPerGame,"Marcus Rashford, Forward",16.42,0.5
foulsPerGame,"Marcus Rashford, Forward",15.85,0.35
offsideWonPerGame,"Marcus Rashford, Forward",0.0,0.0
clearancePerGame,"Marcus Rashford, Forward",3.06,0.25
wasDribbledPerGame,"Marcus Rashford, Forward",17.5,0.35
outfielderBlockPerGame,"Marcus Rashford, Forward",0.0,0.0
defensive_rating,"Marcus Rashford, Forward",31.56,6.52
keyPassPerGame,"Marcus Rashford, Forward",36.52,0.7
dribbleWonPerGame,"Marcus Rashford, Forward",36.0,0.9
foulGivenPerGame,"Marcus Rashford, Forward",40.71,0.95
offsideGivenPerGame,"Marcus Rashford, Forward",10.29,0.15
dispossessedPerGame,"Marcus Rashford, Forward",39.84,0.85
turnoverPerGame,"Marcus Rashford, Forward",48.75,1.3
offensive_rating,"Marcus Rashford, Forward",31.56,6.52
totalPassesPerGame,"Marcus Rashford, Forward",25.46,19.0
accurateCrossesPerGame,"Marcus Rashford, Forward",20.81,0.35
accurateLongPassPerGame,"Marcus Rashford, Forward",2.16,0.2
accurateThroughBallPerGame,"Marcus Rashford, Forward",0.0,0.0
passing_rating,"Marcus Rashford, Forward",31.56,6.52
shotSixYardBox,"Marcus Rashford, Forward",32.73,0.15
shotPenaltyArea,"Marcus Rashford, Forward",38.0,0.95
shotOboxTotal,"Marcus Rashford, Forward",7.5,0.15
shotsTotal,"Marcus Rashford, Forward",29.41,1.25
detailed_rating,"Marcus Rashford, Forward",31.56,6.52
goal,"Morgan Schneiderlin, Midfielder",0.0,0.0
assistTotal,"Morgan Schneiderlin, Midfielder",0.0,0.0
shotsPerGame,"Morgan Schneiderlin, Midfielder",0.0,0.0
aerialWonPerGame,"Morgan Schneiderlin, Midfielder",0.0,0.0
manOfTheMatch,"Morgan Schneiderlin, Midfielder",0.0,0.0
passSuccess,"Morgan Schneiderlin, Midfielder",95.63,86.67
all_rating,"Morgan Schneiderlin, Midfielder",5.31,6.04
goalOwn,"Morgan Schneiderlin, Midfielder",0.0,0.0
tacklePerGame,"Morgan Schneiderlin, Midfielder",11.28,0.33
interceptionPerGame,"Morgan Schneiderlin, Midfielder",10.95,0.33
foulsPerGame,"Morgan Schneiderlin, Midfielder",0.0,0.0
offsideWonPerGame,"Morgan Schneiderlin, Midfielder",0.0,0.0
clearancePerGame,"Morgan Schneiderlin, Midfielder",0.0,0.0
wasDribbledPerGame,"Morgan Schneiderlin, Midfielder",0.0,0.0
outfielderBlockPerGame,"Morgan Schneiderlin, Midfielder",0.0,0.0
defensive_rating,"Morgan Schneiderlin, Midfielder",5.31,6.04
keyPassPerGame,"Morgan Schneiderlin, Midfielder",0.0,0.0
dribbleWonPerGame,"Morgan Schneiderlin, Midfielder",0.0,0.0
foulGivenPerGame,"Morgan Schneiderlin, Midfielder",14.29,0.33
offsideGivenPerGame,"Morgan Schneiderlin, Midfielder",0.0,0.0
dispossessedPerGame,"Morgan Schneiderlin, Midfielder",0.0,0.0
turnoverPerGame,"Morgan Schneiderlin, Midfielder",0.0,0.0
offensive_rating,"Morgan Schneiderlin, Midfielder",5.31,6.04
totalPassesPerGame,"Morgan Schneiderlin, Midfielder",6.7,5.0
accurateCrossesPerGame,"Morgan Schneiderlin, Midfielder",0.0,0.0
accurateLongPassPerGame,"Morgan Schneiderlin, Midfielder",0.0,0.0
accurateThroughBallPerGame,"Morgan Schneiderlin, Midfielder",0.0,0.0
passing_rating,"Morgan Schneiderlin, Midfielder",5.31,6.04
shotSixYardBox,"Morgan Schneiderlin, Midfielder",0.0,0.0
shotPenaltyArea,"Morgan Schneiderlin, Midfielder",0.0,0.0
shotOboxTotal,"Morgan Schneiderlin, Midfielder",0.0,0.0
shotsTotal,"Morgan Schneiderlin, Midfielder",0.0,0.0
detailed_rating,"Morgan Schneiderlin, Midfielder",5.31,6.04
goal,"Timothy Fosu-Mensah, Defender",0.0,0.0
assistTotal,"Timothy Fosu-Mensah, Defender",0.0,0.0
shotsPerGame,"Timothy Fosu-Mensah, Defender",0.0,0.0
aerialWonPerGame,"Timothy Fosu-Mensah, Defender",0.0,0.0
manOfTheMatch,"Timothy Fosu-Mensah, Defender",0.0,0.0
passSuccess,"Timothy Fosu-Mensah, Defender",0.0,0.0
all_rating,"Timothy Fosu-Mensah, Defender",2.91,6.0
goalOwn,"Timothy Fosu-Mensah, Defender",0.0,0.0
tacklePerGame,"Timothy Fosu-Mensah, Defender",0.0,0.0
interceptionPerGame,"Timothy Fosu-Mensah, Defender",0.0,0.0
foulsPerGame,"Timothy Fosu-Mensah, Defender",0.0,0.0
offsideWonPerGame,"Timothy Fosu-Mensah, Defender",0.0,0.0
clearancePerGame,"Timothy Fosu-Mensah, Defender",0.0,0.0
wasDribbledPerGame,"Timothy Fosu-Mensah, Defender",0.0,0.0
outfielderBlockPerGame,"Timothy Fosu-Mensah, Defender",0.0,0.0
defensive_rating,"Timothy Fosu-Mensah, Defender",2.91,6.0
keyPassPerGame,"Timothy Fosu-Mensah, Defender",0.0,0.0
dribbleWonPerGame,"Timothy Fosu-Mensah, Defender",0.0,0.0
foulGivenPerGame,"Timothy Fosu-Mensah, Defender",0.0,0.0
offsideGivenPerGame,"Timothy Fosu-Mensah, Defender",0.0,0.0
dispossessedPerGame,"Timothy Fosu-Mensah, Defender",0.0,0.0
turnoverPerGame,"Timothy Fosu-Mensah, Defender",0.0,0.0
offensive_rating,"Timothy Fosu-Mensah, Defender",2.91,6.0
totalPassesPerGame,"Timothy Fosu-Mensah, Defender",0.0,0.0
accurateCrossesPerGame,"Timothy Fosu-Mensah, Defender",0.0,0.0
accurateLongPassPerGame,"Timothy Fosu-Mensah, Defender",0.0,0.0
accurateThroughBallPerGame,"Timothy Fosu-Mensah, Defender",0.0,0.0
passing_rating,"Timothy Fosu-Mensah, Defender",2.91,6.0
shotSixYardBox,"Timothy Fosu-Mensah, Defender",0.0,0.0
shotPenaltyArea,"Timothy Fosu-Mensah, Defender",0.0,0.0
shotOboxTotal,"Timothy Fosu-Mensah, Defender",0.0,0.0
shotsTotal,"Timothy Fosu-Mensah, Defender",0.0,0.0
detailed_rating,"Timothy Fosu-Mensah, Defender",2.91,6.0
goal,"Memphis Depay, Forward",0.0,0.0
assistTotal,"Memphis Depay, Forward",0.0,0.0
shotsPerGame,"Memphis Depay, Forward",0.0,0.0
aerialWonPerGame,"Memphis Depay, Forward",0.0,0.0
manOfTheMatch,"Memphis Depay, Forward",0.0,0.0
passSuccess,"Memphis Depay, Forward",78.82,71.43
all_rating,"Memphis Depay, Forward",0.0,5.95
goalOwn,"Memphis Depay, Forward",0.0,0.0
tacklePerGame,"Memphis Depay, Forward",8.46,0.25
interceptionPerGame,"Memphis Depay, Forward",0.0,0.0
foulsPerGame,"Memphis Depay, Forward",11.32,0.25
offsideWonPerGame,"Memphis Depay, Forward",0.0,0.0
clearancePerGame,"Memphis Depay, Forward",3.06,0.25
wasDribbledPerGame,"Memphis Depay, Forward",0.0,0.0
outfielderBlockPerGame,"Memphis Depay, Forward",0.0,0.0
defensive_rating,"Memphis Depay, Forward",0.0,5.95
keyPassPerGame,"Memphis Depay, Forward",0.0,0.0
dribbleWonPerGame,"Memphis Depay, Forward",0.0,0.0
foulGivenPerGame,"Memphis Depay, Forward",0.0,0.0
offsideGivenPerGame,"Memphis Depay, Forward",17.14,0.25
dispossessedPerGame,"Memphis Depay, Forward",23.44,0.5
turnoverPerGame,"Memphis Depay, Forward",18.75,0.5
offensive_rating,"Memphis Depay, Forward",0.0,5.95
totalPassesPerGame,"Memphis Depay, Forward",4.69,3.5
accurateCrossesPerGame,"Memphis Depay, Forward",0.0,0.0
accurateLongPassPerGame,"Memphis Depay, Forward",0.0,0.0
accurateThroughBallPerGame,"Memphis Depay, Forward",0.0,0.0
passing_rating,"Memphis Depay, Forward",0.0,5.95
shotSixYardBox,"Memphis Depay, Forward",0.0,0.0
shotPenaltyArea,"Memphis Depay, Forward",0.0,0.0
shotOboxTotal,"Memphis Depay, Forward",0.0,0.0
shotsTotal,"Memphis Depay, Forward",0.0,0.0
detailed_rating,"Memphis Depay, Forward",0.0,5.95
